1-und-1.de,1und1.de
aol.cm,aol.com
aol.con,aol.com
aple.com,apple.com
frenet.de,freenet.de
g-mail.com,gmail.com
g.mail.com,gmail.com
gemail.com,gmail.com
gimail.com,gmail.com
gmaik.com,gmail.com
gmail.con,gmail.com
gmaile.com,gmail.com
gmaill.com,gmail.com
gmaiol.com,gmail.com
gmal.com,gmail.com
gmale.com,gmail.com
gmall.com,gmail.com
gmaol.com,gmail.com
gmaul.com,gmail.com
gmeil.com,gmail.com
gmial.com,gmail.com
gmil.com,gmail.com
gmmail.com,gmail.com
gmsil.com,gmail.com
gmx.ta,gmx.at
gnail.com,gmail.com
goglemail.com,googlemail.com
googel.com,google.com
googl.com,google.com
googlmail.com,googlemail.com
googlr.com,google.com
gxm.com,gmx.com
gxm.de,gmx.de
gxm.net,gmx.net
hotmail.con,hotmail.com
hotmail.ml,hotmail.nl
hotmaill.com,hotmail.com
hotmaill.nl,hotmail.nl
hotmal.com,hotmail.com
hotmal.nl,hotmail.nl
hotmale.com,hotmail.com
hotmale.nl,hotmail.nl
hotmial.com,hotmail.com
hotmial.nl,hotmail.nl
hotmil.com,hotmail.com
hotmil.nl,hotmail.nl
hotnail.com,hotmail.com
hotnail.nl,hotmail.nl
iclaud.com,icloud.com
icloud.con,icloud.com
icoud.com,icloud.com
kpnmail.ml,kpnmail.nl
live.con,live.com
outlok.com,outlook.com
outlook.con,outlook.com
t.online.de,t-online.de
tonline.de,t-online.de
wbe.de,web.de
we.de,web.de
web.de.de,web.de
wen.de,web.de
yahho.com,yahoo.com
yaho.co.uk,yahoo.co.uk
yaho.co,yahoo.com
yaho.com,yahoo.com
yaho.de,yahoo.de
yahoo.cmo,yahoo.com
yahoomail.com,yahoo.com
yahu.com,yahoo.com
yhoo.com,yahoo.com
ymail.con,ymail.com
yshoo.com,yahoo.com
